<?xml version="1.0" encoding="UTF-8"?>
<config xmlns="http://www.knime.org/2008/09/XMLConfig" xmlns:xsi="http://www.w3.org/2001/XMLSchema-instance" xsi:schemaLocation="http://www.knime.org/2008/09/XMLConfig http://www.knime.org/XMLConfig_2008_09.xsd" key="model.xml">
    <entry key="version" type="xint" value="1"/>
    <entry key="class_name" type="xstring" value="org.knime.arima.ARIMAPortObject"/>
    <config key="model">
        <config key="0">
            <entry key="mu.par" type="xdouble" value="0.0"/>
            <config key="ar.pars">
                <entry key="array-size" type="xint" value="9"/>
                <entry key="0" type="xdouble" value="-0.008220663376454353"/>
                <entry key="1" type="xdouble" value="0.5945721501403265"/>
                <entry key="2" type="xdouble" value="0.25025199159777756"/>
                <entry key="3" type="xdouble" value="-0.09783099082441707"/>
                <entry key="4" type="xdouble" value="-0.0730719649221684"/>
                <entry key="5" type="xdouble" value="-0.1004584862608566"/>
                <entry key="6" type="xdouble" value="-0.020513889653676856"/>
                <entry key="7" type="xdouble" value="-0.234899244510467"/>
                <entry key="8" type="xdouble" value="-0.15346255144292786"/>
            </config>
            <entry key="i.pars" type="xint" value="1"/>
            <config key="ma.pars">
                <entry key="array-size" type="xint" value="4"/>
                <entry key="0" type="xdouble" value="-0.896660990861541"/>
                <entry key="1" type="xdouble" value="-0.5767759340550013"/>
                <entry key="2" type="xdouble" value="0.26364521201751673"/>
                <entry key="3" type="xdouble" value="0.3799098343972568"/>
            </config>
            <entry key="seasonal.period.par" type="xint" value="0"/>
            <config key="s.ar.pars">
                <entry key="array-size" type="xint" value="0"/>
            </config>
            <entry key="s.i.pars" type="xint" value="0"/>
            <config key="s.ma.pars">
                <entry key="array-size" type="xint" value="0"/>
            </config>
            <entry key="loglikelihood" type="xdouble" value="-2364.8565148492776"/>
            <entry key="sigma2" type="xdouble" value="20733.011892695868"/>
            <entry key="ts.varname" type="xstring" value="Signal"/>
            <entry key="comment" type="xstring" value="Conditional Likelihood"/>
        </config>
    </config>
</config>
