<?xml version="1.0" encoding="UTF-8"?>
<config xmlns="http://www.knime.org/2008/09/XMLConfig" xmlns:xsi="http://www.w3.org/2001/XMLSchema-instance" xsi:schemaLocation="http://www.knime.org/2008/09/XMLConfig http://www.knime.org/XMLConfig_2008_09.xsd" key="model.xml">
    <entry key="version" type="xint" value="1"/>
    <entry key="class_name" type="xstring" value="org.knime.arima.ARIMAPortObject"/>
    <config key="model">
        <config key="0">
            <entry key="mu.par" type="xdouble" value="339.724865644399"/>
            <config key="ar.pars">
                <entry key="array-size" type="xint" value="3"/>
                <entry key="0" type="xdouble" value="-0.7350484140410374"/>
                <entry key="1" type="xdouble" value="0.4961273001431846"/>
                <entry key="2" type="xdouble" value="0.24731976072989437"/>
            </config>
            <entry key="i.pars" type="xint" value="0"/>
            <config key="ma.pars">
                <entry key="array-size" type="xint" value="2"/>
                <entry key="0" type="xdouble" value="1.0524439202809437"/>
                <entry key="1" type="xdouble" value="0.08323817690339258"/>
            </config>
            <entry key="seasonal.period.par" type="xint" value="0"/>
            <config key="s.ar.pars">
                <entry key="array-size" type="xint" value="0"/>
            </config>
            <entry key="s.i.pars" type="xint" value="0"/>
            <config key="s.ma.pars">
                <entry key="array-size" type="xint" value="0"/>
            </config>
            <entry key="loglikelihood" type="xdouble" value="-2438.3077246401153"/>
            <entry key="sigma2" type="xdouble" value="21083.87981476386"/>
            <entry key="ts.varname" type="xstring" value="Signal"/>
            <entry key="comment" type="xstring" value="Conditional Likelihood"/>
        </config>
    </config>
</config>
