<?xml version="1.0" encoding="UTF-8"?>
<config xmlns="http://www.knime.org/2008/09/XMLConfig" xmlns:xsi="http://www.w3.org/2001/XMLSchema-instance" xsi:schemaLocation="http://www.knime.org/2008/09/XMLConfig http://www.knime.org/XMLConfig_2008_09.xsd" key="model.xml">
    <entry key="version" type="xint" value="1"/>
    <entry key="class_name" type="xstring" value="org.knime.arima.ARIMAPortObject"/>
    <config key="model">
        <config key="0">
            <entry key="mu.par" type="xdouble" value="285.58625095820554"/>
            <config key="ar.pars">
                <entry key="array-size" type="xint" value="2"/>
                <entry key="0" type="xdouble" value="-0.21510045343873488"/>
                <entry key="1" type="xdouble" value="0.22332381178729901"/>
            </config>
            <entry key="i.pars" type="xint" value="0"/>
            <config key="ma.pars">
                <entry key="array-size" type="xint" value="1"/>
                <entry key="0" type="xdouble" value="0.4391017238710343"/>
            </config>
            <entry key="seasonal.period.par" type="xint" value="0"/>
            <config key="s.ar.pars">
                <entry key="array-size" type="xint" value="0"/>
            </config>
            <entry key="s.i.pars" type="xint" value="0"/>
            <config key="s.ma.pars">
                <entry key="array-size" type="xint" value="0"/>
            </config>
            <entry key="loglikelihood" type="xdouble" value="-1892.1224260730062"/>
            <entry key="sigma2" type="xdouble" value="17403.644485375626"/>
            <entry key="ts.varname" type="xstring" value="Signal"/>
            <entry key="comment" type="xstring" value="Conditional Likelihood"/>
        </config>
    </config>
</config>
