<?xml version="1.0" encoding="UTF-8"?>
<config xmlns="http://www.knime.org/2008/09/XMLConfig" xmlns:xsi="http://www.w3.org/2001/XMLSchema-instance" xsi:schemaLocation="http://www.knime.org/2008/09/XMLConfig http://www.knime.org/XMLConfig_2008_09.xsd" key="model.xml">
    <entry key="version" type="xint" value="1"/>
    <entry key="class_name" type="xstring" value="org.knime.arima.ARIMAPortObject"/>
    <config key="model">
        <config key="0">
            <entry key="mu.par" type="xdouble" value="0.0"/>
            <config key="ar.pars">
                <entry key="array-size" type="xint" value="10"/>
                <entry key="0" type="xdouble" value="-5.722488068165049"/>
                <entry key="1" type="xdouble" value="-12.157055869436933"/>
                <entry key="2" type="xdouble" value="-14.43985176595719"/>
                <entry key="3" type="xdouble" value="-15.310325143476591"/>
                <entry key="4" type="xdouble" value="-15.39287812697376"/>
                <entry key="5" type="xdouble" value="-8.172304676713342"/>
                <entry key="6" type="xdouble" value="2.785417573524414"/>
                <entry key="7" type="xdouble" value="9.174045849708204"/>
                <entry key="8" type="xdouble" value="7.780631660641655"/>
                <entry key="9" type="xdouble" value="2.4766116058248144"/>
            </config>
            <entry key="i.pars" type="xint" value="10"/>
            <config key="ma.pars">
                <entry key="array-size" type="xint" value="10"/>
                <entry key="0" type="xdouble" value="2.658488973634222"/>
                <entry key="1" type="xdouble" value="0.9444081541907631"/>
                <entry key="2" type="xdouble" value="-2.9391464535613565"/>
                <entry key="3" type="xdouble" value="-2.4590089834843853"/>
                <entry key="4" type="xdouble" value="0.6904361509152063"/>
                <entry key="5" type="xdouble" value="1.111670713336341"/>
                <entry key="6" type="xdouble" value="0.033397177116753905"/>
                <entry key="7" type="xdouble" value="-0.1764325253623427"/>
                <entry key="8" type="xdouble" value="-0.012222335238090095"/>
                <entry key="9" type="xdouble" value="0.010352708793859106"/>
            </config>
            <entry key="seasonal.period.par" type="xint" value="0"/>
            <config key="s.ar.pars">
                <entry key="array-size" type="xint" value="0"/>
            </config>
            <entry key="s.i.pars" type="xint" value="0"/>
            <config key="s.ma.pars">
                <entry key="array-size" type="xint" value="0"/>
            </config>
            <entry key="loglikelihood" type="xdouble" value="-2427546.9628328113"/>
            <entry key="sigma2" type="xdouble" value="1.3545658050634991E7"/>
            <entry key="ts.varname" type="xstring" value="Sum(money)"/>
            <entry key="comment" type="xstring" value="Conditional Likelihood"/>
        </config>
    </config>
</config>
